initCGM,output_cgm,state_Q2,state_S1,state_S2,state_I,state_X1,state_X2,state_X3,state_Ug,state_Ug2
40,-0.9307291507720947,-1.0213382244110107,-0.0665351003408432,-0.2712848484516144,-0.2733134925365448,-0.5276046991348267,-0.26453226804733276,-0.1938268393278122,-0.16361498832702637,1.3624999523162842
41,-0.9188025593757629,-1.0216501951217651,-0.072904571890831,-0.27847614884376526,-0.2802962064743042,-0.5299984812736511,-0.2711462378501892,-0.20210635662078857,-0.16063673794269562,1.3624999523162842
42,-0.9068759679794312,-1.0222374200820923,-0.0792531743645668,-0.28564274311065674,-0.2872527837753296,-0.5327163338661194,-0.2777325212955475,-0.21022124588489532,-0.1576545238494873,1.3624999523162842
43,-0.8949493169784546,-1.022820234298706,-0.08555064350366592,-0.2927936315536499,-0.29419517517089844,-0.5354596972465515,-0.2843068242073059,-0.21834951639175415,-0.15466926991939545,1.3624999523162842
44,-0.8830227255821228,-1.0240076780319214,-0.09175676107406616,-0.29973891377449036,-0.3009365499019623,-0.5389198064804077,-0.29067790508270264,-0.2262229174375534,-0.15168023109436035,1.3624999523162842
45,-0.871096134185791,-1.0285680294036865,-0.09786724299192429,-0.3055889308452606,-0.3065359890460968,-0.5429157018661499,-0.29488804936408997,-0.23640908300876617,-0.149321049451828,1.3624999523162842
46,-0.8591694831848145,-1.0357774496078491,-0.10347491502761841,-0.30882492661476135,-0.3096126616001129,-0.5491721034049988,-0.2965487241744995,-0.24639753997325897,-0.14714080095291138,1.3624999523162842
47,-0.8472428917884827,-1.0219868421554565,-0.12808944284915924,-0.3210887014865875,-0.3215501606464386,-0.5374979376792908,-0.3088047206401825,-0.2578706443309784,-0.14485062658786774,1.3624999523162842
48,-0.8353163003921509,-1.0229345560073853,-0.1283734142780304,-0.32841795682907104,-0.3287007510662079,-0.5416727662086487,-0.31586551666259766,-0.26494526863098145,-0.1428145468235016,1.3624999523162842
49,-0.8233897089958191,-1.0251049995422363,-0.12867438793182373,-0.3362483084201813,-0.3363322913646698,-0.5485122799873352,-0.32360246777534485,-0.270285964012146,-0.1407313197851181,1.3624999523162842
50,-0.8114630579948425,-1.0230721235275269,-0.1288931965827942,-0.34233930706977844,-0.3423340916633606,-0.5479284524917603,-0.32957199215888977,-0.2801162302494049,-0.14000344276428223,1.3624999523162842
51,-0.7995364665985107,-1.0225459337234497,-0.12916071712970734,-0.3494730591773987,-0.34931835532188416,-0.549901008605957,-0.3364960551261902,-0.2884925603866577,-0.13914911448955536,1.3624999523162842
52,-0.787609875202179,-1.0221242904663086,-0.12943489849567413,-0.3567778468132019,-0.356464147567749,-0.5521495938301086,-0.3435821831226349,-0.2966911196708679,-0.1382724642753601,1.3624999523162842
53,-0.7756832242012024,-1.0217719078063965,-0.1297159343957901,-0.3642077147960663,-0.36372873187065125,-0.5545603036880493,-0.35078704357147217,-0.304762601852417,-0.1373833864927292,1.3624999523162842
54,-0.7637566328048706,-1.0237900018692017,-0.1299777626991272,-0.3710716664791107,-0.3704323470592499,-0.5598702430725098,-0.3574264347553253,-0.3117533326148987,-0.13645689189434052,1.3624999523162842
55,-0.7518300414085388,-1.036778211593628,-0.13025762140750885,-0.37814754247665405,-0.37729611992836,-0.5831480026245117,-0.36503320932388306,-0.3087489604949951,-0.1337900161743164,1.3624999523162842
56,-0.739903450012207,-1.042779564857483,-0.13049210608005524,-0.38436779379844666,-0.38335612416267395,-0.5932028293609619,-0.3710286319255829,-0.31394559144973755,-0.1321859061717987,1.3624999523162842
57,-0.7279767990112305,-1.0052764415740967,-0.12951414287090302,-0.3559085428714752,-0.355171799659729,-0.4976920485496521,-0.3387405574321747,-0.2943882644176483,-0.1342736929655075,1.3624999523162842
58,-0.7160502076148987,-1.0117437839508057,-0.12972751259803772,-0.3615133464336395,-0.3606284260749817,-0.5108317136764526,-0.3450596332550049,-0.29123201966285706,-0.13205716013908386,1.3624999523162842
59,-0.7041236162185669,-1.0132718086242676,-0.1300489455461502,-0.3709666132926941,-0.37005943059921265,-0.5236414074897766,-0.3559906482696533,-0.30170342326164246,-0.13123247027397156,1.3624999523162842
60,-0.6921969652175903,-1.0023630857467651,-0.26718857884407043,-0.40280207991600037,-0.40055763721466064,-0.5301125645637512,-0.3862625062465668,-0.3273150324821472,-0.13140401244163513,1.3624999523162842
61,-0.6802703738212585,-0.9917728900909424,-0.2671751379966736,-0.4093562960624695,-0.40696486830711365,-0.5169867873191833,-0.39293548464775085,-0.3350231945514679,-0.13090555369853973,1.3624999523162842
62,-0.6683437824249268,-0.9831335544586182,-0.26719969511032104,-0.4144047200679779,-0.4119909703731537,-0.50556480884552,-0.39796799421310425,-0.3442203998565674,-0.13083922863006592,1.3624999523162842
63,-0.656417191028595,-0.9710422158241272,-0.26719847321510315,-0.3970045745372772,-0.39471933245658875,-0.46716874837875366,-0.3797256350517273,-0.3137105405330658,-0.12411439418792725,1.3624999523162842
64,-0.6444905400276184,-0.9731167554855347,-0.26717856526374817,-0.4042279124259949,-0.4017634689807892,-0.4733658730983734,-0.3871879279613495,-0.31954675912857056,-0.12423145771026611,1.3624999523162842
65,-0.6325639486312866,-0.9749501943588257,-0.26719221472740173,-0.411981999874115,-0.409400999546051,-0.4805454909801483,-0.39536625146865845,-0.3301647901535034,-0.12491608411073685,1.3624999523162842
66,-0.6206373572349548,-0.9754562377929688,-0.2672045826911926,-0.4229000210762024,-0.4191916584968567,-0.48697471618652344,-0.4055995047092438,-0.34158065915107727,-0.1256169229745865,1.3624999523162842
67,-0.6087107062339783,-0.973983108997345,-0.2671758234500885,-0.4333840012550354,-0.4282137155532837,-0.49065274000167847,-0.4152892231941223,-0.35337936878204346,-0.12626716494560242,1.3624999523162842
68,-0.5967841148376465,-0.9741507768630981,-0.2671925723552704,-0.4421604573726654,-0.43574392795562744,-0.49281197786331177,-0.4227852523326874,-0.3665021061897278,-0.1273614913225174,1.3624999523162842
69,-0.5848575234413147,-0.9735347628593445,-0.26719358563423157,-0.44874653220176697,-0.4414290189743042,-0.49415743350982666,-0.42863067984580994,-0.3787876069545746,-0.12918001413345337,1.3624999523162842
70,-0.5729308724403381,-0.9890686869621277,-0.26721104979515076,-0.43114832043647766,-0.426152765750885,-0.4855349063873291,-0.4085548520088196,-0.3809010684490204,-0.12960678339004517,1.3624999523162842
71,-0.5610042810440063,-0.9899647235870361,-0.2672026455402374,-0.43959033489227295,-0.43342822790145874,-0.4912675619125366,-0.4164446294307709,-0.3908204138278961,-0.12506206333637238,1.3624999523162842
72,-0.5490776896476746,-0.9901620745658875,-0.2671967148780823,-0.4533276855945587,-0.445254921913147,-0.49858158826828003,-0.42869654297828674,-0.4113587439060211,-0.12097535282373428,1.3624999523162842
73,-0.5371510982513428,-0.9954584836959839,-0.2672079801559448,-0.4584764838218689,-0.44968071579933167,-0.5056620240211487,-0.4327753186225891,-0.4234830141067505,-0.11854371428489685,1.3624999523162842
74,-0.5252244472503662,-0.9914528727531433,-0.26719558238983154,-0.46538031101226807,-0.455630362033844,-0.5045467019081116,-0.4396449327468872,-0.42738378047943115,-0.11647962033748627,1.3624999523162842
75,-0.5132978558540344,-0.988514244556427,-0.26720577478408813,-0.4700278341770172,-0.4596134424209595,-0.5032288432121277,-0.443941205739975,-0.4304325580596924,-0.11434470862150192,1.3624999523162842
76,-0.5013712644577026,-0.9887643456459045,-0.2672000825405121,-0.47988805174827576,-0.4679683446884155,-0.5110719203948975,-0.4532947540283203,-0.43855011463165283,-0.11264201253652573,1.3624999523162842
77,-0.48944464325904846,-0.9870319962501526,-0.26720577478408813,-0.4883876144886017,-0.47423064708709717,-0.5129541754722595,-0.45983290672302246,-0.4509788155555725,-0.11133349686861038,1.3624999523162842
78,-0.4775180220603943,-0.9893114566802979,-0.2671832740306854,-0.49323368072509766,-0.4777345359325409,-0.5182726383209229,-0.463221937417984,-0.46104931831359863,-0.10853197425603867,1.3624999523162842
79,-0.4655914306640625,-0.9863219261169434,-0.26720789074897766,-0.48571038246154785,-0.4721646308898926,-0.500700056552887,-0.4558790624141693,-0.4274428188800812,-0.08712835609912872,1.3624999523162842
80,-0.4536648094654083,-0.9833191633224487,-0.26719167828559875,-0.49858370423316956,-0.48151248693466187,-0.5071697235107422,-0.4674544036388397,-0.44451189041137695,-0.08049799501895905,1.3624999523162842
81,-0.44173821806907654,-0.9762612581253052,-0.2672048807144165,-0.5050303936004639,-0.4860832989215851,-0.5148041248321533,-0.472513347864151,-0.4570149779319763,-0.07724431157112122,1.3624999523162842
82,-0.42981159687042236,-0.9571076035499573,-0.267179936170578,-0.5110510587692261,-0.49035704135894775,-0.527303159236908,-0.47653254866600037,-0.4732200503349304,-0.08975794166326523,1.3624999523162842
83,-0.4178849756717682,-0.9509401917457581,-0.2671782970428467,-0.514325737953186,-0.4927586615085602,-0.5222969651222229,-0.47937846183776855,-0.46577852964401245,-0.07682327181100845,1.3624999523162842
84,-0.4059583842754364,-0.9421794414520264,-0.2672005891799927,-0.5196241140365601,-0.4966724216938019,-0.5263164639472961,-0.48346826434135437,-0.47089362144470215,-0.07761239260435104,1.3624999523162842
85,-0.3940317630767822,-0.9324311017990112,-0.2672061026096344,-0.5223758220672607,-0.49869999289512634,-0.528174638748169,-0.48574376106262207,-0.4695562720298767,-0.0766100063920021,1.3624999523162842
86,-0.38210517168045044,-0.9244139790534973,-0.2671906054019928,-0.5296959280967712,-0.5041086077690125,-0.5322636961936951,-0.49140074849128723,-0.47720178961753845,-0.07779819518327713,1.3624999523162842
87,-0.37017855048179626,-0.8986953496932983,-0.267202228307724,-0.5389783382415771,-0.5109877586364746,-0.5549511313438416,-0.4985129237174988,-0.5018385648727417,-0.10389983654022217,1.3624999523162842
88,-0.3582519590854645,-0.9014676213264465,-0.26720261573791504,-0.5187289118766785,-0.4959987998008728,-0.533146858215332,-0.4835629463195801,-0.45526424050331116,-0.07839883118867874,1.3624999523162842
89,-0.3463253378868103,-0.8949313163757324,-0.2671818137168884,-0.5224895477294922,-0.49877652525901794,-0.5364118218421936,-0.4865613579750061,-0.45783019065856934,-0.07841985672712326,1.3624999523162842
90,-0.33439871668815613,-0.888342559337616,-0.26718586683273315,-0.5263068079948425,-0.5015963912010193,-0.5395808219909668,-0.4896078407764435,-0.46045422554016113,-0.07843506336212158,1.3624999523162842
91,-0.32247212529182434,-0.882524847984314,-0.26718950271606445,-0.5296260118484497,-0.5040372610092163,-0.5440055727958679,-0.49227800965309143,-0.462565153837204,-0.07845203578472137,1.3624999523162842
92,-0.31054550409317017,-0.8768921494483948,-0.2671926021575928,-0.5329747200012207,-0.5065094828605652,-0.5471506714820862,-0.4949283003807068,-0.4645852744579315,-0.07842210680246353,1.3624999523162842
93,-0.2986189126968384,-0.8718745708465576,-0.26721206307411194,-0.5366937518119812,-0.5092552900314331,-0.5486106276512146,-0.4978727102279663,-0.46692267060279846,-0.07840710133314133,1.3624999523162842
94,-0.2866922914981842,-0.8597859740257263,-0.2671985924243927,-0.5425847768783569,-0.5136122107505798,-0.5429059863090515,-0.5023971796035767,-0.47077831625938416,-0.07827137410640717,1.3624999523162842
95,-0.2747657001018524,-0.8507837057113647,-0.2671942710876465,-0.5464801788330078,-0.5164875388145447,-0.545039713382721,-0.5054706335067749,-0.47326338291168213,-0.07830739766359329,1.3624999523162842
96,-0.26283907890319824,-0.8402559757232666,-0.2671830356121063,-0.550243079662323,-0.5197951197624207,-0.5470907092094421,-0.5089296102523804,-0.47605788707733154,-0.07830165326595306,1.3624999523162842
97,-0.25091245770454407,-0.8246443271636963,-0.2671950161457062,-0.5540309548377991,-0.5233399271965027,-0.5440123081207275,-0.5125530958175659,-0.4797526001930237,-0.07845848053693771,1.3624999523162842
98,-0.23898586630821228,-0.8100382685661316,-0.2672055959701538,-0.5582800507545471,-0.5273211598396301,-0.5417909026145935,-0.5167597532272339,-0.4835168421268463,-0.07849089056253433,1.3624999523162842
99,-0.2270592600107193,-0.8007745742797852,-0.2671869695186615,-0.5620919466018677,-0.5308922529220581,-0.5451002717018127,-0.5205258727073669,-0.48676058650016785,-0.07849274575710297,1.3624999523162842
100,-0.21513263881206512,-0.7916294932365417,-0.2671799659729004,-0.5651851892471313,-0.5337913632392883,-0.5486235618591309,-0.5235819220542908,-0.4892077147960663,-0.07849055528640747,1.3624999523162842
101,-0.20320603251457214,-0.7825015783309937,-0.2671900987625122,-0.568217933177948,-0.5366320610046387,-0.5521685481071472,-0.5265805721282959,-0.4916178584098816,-0.07848799973726273,1.3624999523162842
102,-0.19127942621707916,-0.7733652591705322,-0.2671942412853241,-0.5714327692985535,-0.5396454930305481,-0.5556772351264954,-0.5297548174858093,-0.49427035450935364,-0.07848703861236572,1.3624999523162842
103,-0.17935281991958618,-0.7642604112625122,-0.2671932876110077,-0.5742225050926208,-0.5422593355178833,-0.5592554211616516,-0.5325080156326294,-0.496631383895874,-0.07848675549030304,1.3624999523162842
104,-0.1674262136220932,-0.7557547688484192,-0.2671985328197479,-0.5765110850334167,-0.5444014668464661,-0.5635548233985901,-0.5346928834915161,-0.49862390756607056,-0.07852907478809357,1.3624999523162842
105,-0.15549960732460022,-0.7468770146369934,-0.2671954929828644,-0.579096794128418,-0.5468252301216125,-0.5673397779464722,-0.5372583270072937,-0.5007928013801575,-0.07849179953336716,1.3624999523162842
106,-0.14357298612594604,-0.7380008697509766,-0.2671884596347809,-0.5816081166267395,-0.5491807460784912,-0.5711393356323242,-0.5397483706474304,-0.5029634237289429,-0.0784633606672287,1.3624999523162842
107,-0.13164637982845306,-0.7291731834411621,-0.2671810984611511,-0.5840552449226379,-0.5514730215072632,-0.5748888850212097,-0.5421881079673767,-0.5049456357955933,-0.07842464745044708,1.3624999523162842
108,-0.11971977353096008,-0.7206994295120239,-0.2672155797481537,-0.5864363312721252,-0.5537047386169434,-0.5783234238624573,-0.5445636510848999,-0.5068634152412415,-0.07838820666074753,1.3624999523162842
109,-0.1077931672334671,-0.7125954627990723,-0.2671984136104584,-0.5889065265655518,-0.5560199022293091,-0.5812052488327026,-0.5470219254493713,-0.5090724229812622,-0.07830674201250076,1.3624999523162842
110,-0.09586656093597412,-0.7038228511810303,-0.2672046422958374,-0.59146648645401,-0.5584185719490051,-0.584839940071106,-0.5495684146881104,-0.5113304257392883,-0.07826489955186844,1.3624999523162842
111,-0.08393994718790054,-0.6951491832733154,-0.267185777425766,-0.5938505530357361,-0.5606522560119629,-0.5886155366897583,-0.5519407391548157,-0.5133285522460938,-0.07822026312351227,1.3624999523162842
112,-0.07201334089040756,-0.6860794425010681,-0.2671813368797302,-0.5960588455200195,-0.5627222657203674,-0.5918970108032227,-0.5541130304336548,-0.5154157876968384,-0.07814015448093414,1.3624999523162842
113,-0.06008673459291458,-0.6768410801887512,-0.26718756556510925,-0.5982027053833008,-0.5647299885749817,-0.5949388146400452,-0.5562107563018799,-0.5175203680992126,-0.0780317485332489,1.3624999523162842
114,-0.0481601245701313,-0.669346034526825,-0.2672015428543091,-0.6009300351142883,-0.5677403807640076,-0.5975420475006104,-0.5592738389968872,-0.5204108953475952,-0.07761755585670471,1.3624999523162842
115,-0.03623351454734802,-0.6613059639930725,-0.2672114968299866,-0.6034829616546631,-0.5706813335418701,-0.5997117161750793,-0.5623765587806702,-0.5231956839561462,-0.07764865458011627,1.3624999523162842
116,-0.024306906387209892,-0.6533561944961548,-0.2672041654586792,-0.6058509349822998,-0.5734080672264099,-0.6019948720932007,-0.565256655216217,-0.5258353352546692,-0.07767806947231293,1.3624999523162842
117,-0.012380298227071762,-0.645867109298706,-0.2672083079814911,-0.6080409288406372,-0.5759267807006836,-0.6038581132888794,-0.5679399967193604,-0.5275811553001404,-0.0776745155453682,1.3624999523162842
118,-0.0004536901251412928,-0.6384608745574951,-0.2672175467014313,-0.6102234125137329,-0.5784357190132141,-0.6057832837104797,-0.5706039667129517,-0.5296880602836609,-0.0777609571814537,1.3624999523162842
119,0.011472918093204498,-0.631169319152832,-0.26718494296073914,-0.6125434637069702,-0.581108570098877,-0.6078556776046753,-0.573432207107544,-0.5322426557540894,-0.07784301787614822,1.3624999523162842
120,0.02339952625334263,-0.6237712502479553,-0.2672196924686432,-0.614638090133667,-0.5835226774215698,-0.609801709651947,-0.5759868025779724,-0.5345712304115295,-0.07792726904153824,1.3624999523162842
121,0.03532613441348076,-0.6163589358329773,-0.2671832740306854,-0.6167465448379517,-0.5859499573707581,-0.611735999584198,-0.5785494446754456,-0.5369536280632019,-0.07801124453544617,1.3624999523162842
122,0.04725274443626404,-0.608967125415802,-0.2671908736228943,-0.6188647747039795,-0.5883875489234924,-0.6136941909790039,-0.581122875213623,-0.539364218711853,-0.07809511572122574,1.3624999523162842
123,0.05917935445904732,-0.6015888452529907,-0.2672155797481537,-0.62105393409729,-0.5909097194671631,-0.6156757473945618,-0.5837859511375427,-0.5419153571128845,-0.07817824184894562,1.3624999523162842
124,0.0711059644818306,-0.5942099690437317,-0.26721879839897156,-0.6232660412788391,-0.5934591889381409,-0.6176607012748718,-0.5864782333374023,-0.544502317905426,-0.07826241105794907,1.3624999523162842
125,0.08303257077932358,-0.5868066549301147,-0.26720672845840454,-0.6254891157150269,-0.5960213541984558,-0.6196215748786926,-0.5891839265823364,-0.5470941066741943,-0.07834790647029877,1.3624999523162842
126,0.09495917707681656,-0.5793571472167969,-0.2671908736228943,-0.6277542114257812,-0.5986310839653015,-0.6214754581451416,-0.5919350385665894,-0.549746036529541,-0.07847797125577927,1.3624999523162842
127,0.10688578337430954,-0.5722953081130981,-0.26719191670417786,-0.6300107836723328,-0.6012309193611145,-0.6230307817459106,-0.5946796536445618,-0.5524777173995972,-0.0785999596118927,1.3624999523162842
128,0.11881239712238312,-0.5652174949645996,-0.2672087550163269,-0.6322979927062988,-0.6038674116134644,-0.6245630979537964,-0.5974602699279785,-0.5553255677223206,-0.07869842648506165,1.3624999523162842
129,0.1307390034198761,-0.5581458210945129,-0.26722046732902527,-0.6346209049224854,-0.6065455079078674,-0.6261187195777893,-0.6002833247184753,-0.5582547187805176,-0.0787958949804306,1.3624999523162842
130,0.14266560971736908,-0.5507283210754395,-0.26719093322753906,-0.6361724138259888,-0.6083322167396545,-0.6270629167556763,-0.6021777391433716,-0.5600205659866333,-0.07890317589044571,1.3624999523162842
131,0.15459221601486206,-0.5437243580818176,-0.26719874143600464,-0.6377526521682739,-0.6101557612419128,-0.6277475357055664,-0.6040962338447571,-0.5624010562896729,-0.07925879210233688,1.3624999523162842
132,0.16651883721351624,-0.5360520482063293,-0.2672184705734253,-0.6394137144088745,-0.6120602488517761,-0.6273829340934753,-0.6061654686927795,-0.5629693865776062,-0.079201839864254,1.3624999523162842
133,0.17844544351100922,-0.521271824836731,-0.26721057295799255,-0.6382823586463928,-0.6107315421104431,-0.6291269659996033,-0.6048720479011536,-0.5580956339836121,-0.07889023423194885,1.3624999523162842
134,0.1903720498085022,-0.5112138390541077,-0.2671855390071869,-0.6400193572044373,-0.6127318143844604,-0.6317840218544006,-0.606967568397522,-0.5601629018783569,-0.07876215875148773,1.3624999523162842
135,0.20229865610599518,-0.5018940567970276,-0.2672063410282135,-0.6419287919998169,-0.6149324774742126,-0.633518636226654,-0.6092727184295654,-0.5626548528671265,-0.07892872393131256,1.3624999523162842
136,0.21422526240348816,-0.493985652923584,-0.26719382405281067,-0.6441570520401001,-0.6174996495246887,-0.6351745128631592,-0.6119750738143921,-0.565373420715332,-0.07905029505491257,1.3624999523162842
137,0.22615186870098114,-0.486293226480484,-0.26721078157424927,-0.6464401483535767,-0.620130181312561,-0.636972963809967,-0.6147502064704895,-0.568127453327179,-0.07916311919689178,1.3624999523162842
138,0.23807847499847412,-0.47846662998199463,-0.2672063708305359,-0.6486356854438782,-0.6226606369018555,-0.6386834383010864,-0.6174207329750061,-0.5706849694252014,-0.07927202433347702,1.3624999523162842
139,0.2500050961971283,-0.4706028401851654,-0.2672092318534851,-0.6509639620780945,-0.6253440976142883,-0.6403294801712036,-0.6202495694160461,-0.5734586119651794,-0.07937900722026825,1.3624999523162842
140,0.2619316875934601,-0.4628749489784241,-0.26721635460853577,-0.6534358263015747,-0.6281925439834595,-0.6420460343360901,-0.6232499480247498,-0.576479971408844,-0.07948926836252213,1.3624999523162842
141,0.27385830879211426,-0.4555405378341675,-0.2672015428543091,-0.6555694937705994,-0.6306485533714294,-0.643998384475708,-0.6258460879325867,-0.5789000988006592,-0.0796143189072609,1.3624999523162842
142,0.28578492999076843,-0.44859275221824646,-0.267210990190506,-0.6579579710960388,-0.633398711681366,-0.6462421417236328,-0.6287484765052795,-0.5816899538040161,-0.07974979281425476,1.3624999523162842
143,0.2977115213871002,-0.44155794382095337,-0.2672099471092224,-0.6600947976112366,-0.6358602643013,-0.6484699845314026,-0.6313518285751343,-0.5839966535568237,-0.07988154143095016,1.3624999523162842
144,0.3096381425857544,-0.4345293343067169,-0.2672159671783447,-0.6620690822601318,-0.6381325125694275,-0.6500959396362305,-0.6337701678276062,-0.5858917236328125,-0.08002272993326187,1.3624999523162842
145,0.3215647339820862,-0.42710158228874207,-0.2671954929828644,-0.6639891862869263,-0.6403411626815796,-0.6512764096260071,-0.6361128091812134,-0.5878799557685852,-0.08019934594631195,1.3624999523162842
146,0.33349135518074036,-0.4196811616420746,-0.26719802618026733,-0.6658850908279419,-0.6425259709358215,-0.6524662375450134,-0.6384317278862,-0.5898348689079285,-0.08037498593330383,1.3624999523162842
147,0.34541794657707214,-0.41229602694511414,-0.26718583703041077,-0.6677358150482178,-0.6446537971496582,-0.6537202596664429,-0.6406954526901245,-0.5917209982872009,-0.08055894821882248,1.3624999523162842
148,0.3573445677757263,-0.40498486161231995,-0.2671968936920166,-0.6695514917373657,-0.6467443704605103,-0.6550372838973999,-0.6429142951965332,-0.5935649275779724,-0.0807383731007576,1.3624999523162842
149,0.3692711889743805,-0.39773792028427124,-0.2671912908554077,-0.6713363528251648,-0.6488006114959717,-0.6562966108322144,-0.6451026201248169,-0.5953704714775085,-0.08090098947286606,1.3624999523162842
150,0.3811977803707123,-0.38754183053970337,-0.26721319556236267,-0.6731107234954834,-0.6508420705795288,-0.6573611497879028,-0.6472502946853638,-0.5975033044815063,-0.08056739717721939,1.3624999523162842
151,0.39312440156936646,-0.377861350774765,-0.26718956232070923,-0.6750998497009277,-0.6531468033790588,-0.6589705348014832,-0.6496173143386841,-0.6014640927314758,-0.07890702784061432,1.3624999523162842
152,0.40505099296569824,-0.36917027831077576,-0.26720163226127625,-0.6766892075538635,-0.6549775004386902,-0.6622481942176819,-0.6515447497367859,-0.6032029986381531,-0.0788942277431488,1.3624999523162842
153,0.4169776141643524,-0.36382439732551575,-0.2671964168548584,-0.6766625642776489,-0.6548965573310852,-0.672761082649231,-0.6513441205024719,-0.5994619727134705,-0.08166521042585373,1.3624999523162842
154,0.4289042055606842,-0.355616956949234,-0.267212450504303,-0.6780569553375244,-0.6565013527870178,-0.6747008562088013,-0.6530551910400391,-0.6007976531982422,-0.08116009086370468,1.3624999523162842
155,0.4408308267593384,-0.3457811772823334,-0.26721060276031494,-0.6797318458557129,-0.6584538221359253,-0.6751998066902161,-0.6550411581993103,-0.6054031848907471,-0.07857753336429596,1.3624999523162842
156,0.45275744795799255,-0.3381701111793518,-0.26721224188804626,-0.6813597083091736,-0.6603310108184814,-0.678418755531311,-0.6570033431053162,-0.6076076030731201,-0.07856491208076477,1.3624999523162842
157,0.46468403935432434,-0.3306894898414612,-0.2671901285648346,-0.6831063628196716,-0.6623464226722717,-0.6817190051078796,-0.6591382026672363,-0.609897792339325,-0.07855244725942612,1.3624999523162842
158,0.4766106605529785,-0.3232721984386444,-0.2672126293182373,-0.6849228739738464,-0.6644439101219177,-0.6850619316101074,-0.6613433361053467,-0.6121968626976013,-0.07854004204273224,1.3624999523162842
159,0.4885372519493103,-0.3156015872955322,-0.2671930193901062,-0.686766505241394,-0.666570246219635,-0.6885288953781128,-0.663586437702179,-0.6143602132797241,-0.07853110879659653,1.3624999523162842
160,0.5004638433456421,-0.30869823694229126,-0.26722174882888794,-0.6883615255355835,-0.6684032678604126,-0.691455602645874,-0.6655305027961731,-0.6158572435379028,-0.07855871319770813,1.3624999523162842
161,0.5123904943466187,-0.3015155494213104,-0.2672036588191986,-0.6899833679199219,-0.6702702045440674,-0.6937938928604126,-0.6674903631210327,-0.6175921559333801,-0.07856245338916779,1.3624999523162842
162,0.5243170857429504,-0.29406988620758057,-0.267184853553772,-0.6916611194610596,-0.6722034811973572,-0.6959841847419739,-0.669526219367981,-0.6194615364074707,-0.07856480032205582,1.3624999523162842
163,0.5362436771392822,-0.2866358160972595,-0.2671928107738495,-0.6932870745658875,-0.674077033996582,-0.6981588006019592,-0.6715078949928284,-0.6212478280067444,-0.07856729626655579,1.3624999523162842
164,0.5481703281402588,-0.27925485372543335,-0.2671898901462555,-0.6949083209037781,-0.6759452819824219,-0.7003576755523682,-0.6734672784805298,-0.6230316162109375,-0.07856964319944382,1.3624999523162842
165,0.5600969195365906,-0.2724851667881012,-0.267215371131897,-0.6965171098709106,-0.677794873714447,-0.7026240229606628,-0.6754092574119568,-0.6248511672019958,-0.0785837471485138,1.3624999523162842
166,0.5720235109329224,-0.26551711559295654,-0.2671947479248047,-0.6981234550476074,-0.6796442866325378,-0.7053363919258118,-0.6773609519004822,-0.6266114115715027,-0.07859063148498535,1.3624999523162842
167,0.5839501023292542,-0.25810545682907104,-0.2672031819820404,-0.7000784277915955,-0.6818975210189819,-0.7078441381454468,-0.6797157526016235,-0.6291566491127014,-0.0785997286438942,1.3624999523162842
168,0.5958767533302307,-0.25031670928001404,-0.26718664169311523,-0.7019581198692322,-0.6840716600418091,-0.7080426812171936,-0.6819711327552795,-0.6326187252998352,-0.0781487450003624,1.3624999523162842
169,0.6078033447265625,-0.24642722308635712,-0.2671978771686554,-0.7040039300918579,-0.686421811580658,-0.7077718377113342,-0.6845149993896484,-0.633964478969574,-0.07863867282867432,1.3624999523162842
170,0.6197299361228943,-0.24176397919654846,-0.2672153413295746,-0.7054967284202576,-0.6881347298622131,-0.7080243825912476,-0.6863858103752136,-0.6345627903938293,-0.07874665409326553,1.3624999523162842
171,0.6316565871238708,-0.23259146511554718,-0.2671864628791809,-0.7052648663520813,-0.6878562569618225,-0.7090739011764526,-0.6861634254455566,-0.6323486566543579,-0.0787336453795433,1.3624999523162842
172,0.6435831785202026,-0.2257431596517563,-0.2672217786312103,-0.7066927552223206,-0.6894980072975159,-0.7111288905143738,-0.6878995299339294,-0.6337488889694214,-0.07874618470668793,1.3624999523162842
173,0.6555097699165344,-0.21923011541366577,-0.2672100067138672,-0.7080669403076172,-0.6910817623138428,-0.7134719491004944,-0.6895637512207031,-0.6353173851966858,-0.07859622687101364,1.3624999523162842
174,0.6674363613128662,-0.21058711409568787,-0.26722151041030884,-0.7093571424484253,-0.6925635933876038,-0.7154550552368164,-0.6911395788192749,-0.6363381147384644,-0.07863567024469376,1.3624999523162842
175,0.6793630123138428,-0.20330765843391418,-0.267213374376297,-0.7109318375587463,-0.6943796873092651,-0.7181039452552795,-0.6930360794067383,-0.6384075880050659,-0.07861480861902237,1.3624999523162842
176,0.6912896037101746,-0.19584226608276367,-0.26719266176223755,-0.7124127745628357,-0.6960862278938293,-0.7206529974937439,-0.6948190331459045,-0.6402907967567444,-0.07859302312135696,1.3624999523162842
177,0.7032161951065063,-0.18843550980091095,-0.2671986222267151,-0.7138737440109253,-0.6977700591087341,-0.7232460379600525,-0.6965782642364502,-0.6421531438827515,-0.07857120782136917,1.3624999523162842
178,0.7151428461074829,-0.17959049344062805,-0.2672160863876343,-0.7159397602081299,-0.7001550793647766,-0.7246480584144592,-0.6990678310394287,-0.6451367139816284,-0.07855391502380371,1.3624999523162842
179,0.7270694375038147,-0.17230555415153503,-0.26721811294555664,-0.717494547367096,-0.7019474506378174,-0.727297842502594,-0.7009337544441223,-0.6472204327583313,-0.07854005694389343,1.3624999523162842
180,0.7389960289001465,-0.16516266763210297,-0.2672089636325836,-0.7189907431602478,-0.703671395778656,-0.730049192905426,-0.7027400135993958,-0.6490409970283508,-0.07853073626756668,1.3624999523162842
181,0.7509226202964783,-0.1580224335193634,-0.26719599962234497,-0.7204737067222595,-0.7053790092468262,-0.7328013181686401,-0.7045260071754456,-0.6508389711380005,-0.07852137088775635,1.3624999523162842
182,0.7628492712974548,-0.15090635418891907,-0.26721426844596863,-0.7219319939613342,-0.7070582509040833,-0.7355645895004272,-0.7062821984291077,-0.6526093482971191,-0.07851200550794601,1.3624999523162842
183,0.7747758626937866,-0.1438286304473877,-0.2672208249568939,-0.7233718633651733,-0.708716094493866,-0.7383425831794739,-0.7080160975456238,-0.6543411612510681,-0.07850257307291031,1.3624999523162842
184,0.7867024540901184,-0.1367730051279068,-0.2671859562397003,-0.7247939109802246,-0.7103539705276489,-0.7411627173423767,-0.7097303867340088,-0.6560579538345337,-0.07849325239658356,1.3624999523162842
185,0.798629105091095,-0.1297387182712555,-0.2672213613986969,-0.7262026071548462,-0.7119771838188171,-0.7439839243888855,-0.7114313840866089,-0.6577538251876831,-0.07848385721445084,1.3624999523162842
186,0.8105556964874268,-0.12271703779697418,-0.26721104979515076,-0.7275885343551636,-0.7135739922523499,-0.7468112707138062,-0.7131040692329407,-0.659422755241394,-0.07847444713115692,1.3624999523162842
187,0.8224822878837585,-0.11569935828447342,-0.2671978771686554,-0.7289918065071106,-0.715191125869751,-0.7496644854545593,-0.7147972583770752,-0.661117434501648,-0.07846516370773315,1.3624999523162842
188,0.8344089388847351,-0.10869639366865158,-0.2674124836921692,-0.7304134964942932,-0.7168287038803101,-0.7525273561477661,-0.7165087461471558,-0.6628557443618774,-0.07845591753721237,1.3624999523162842
189,0.8463355302810669,-0.10222073644399643,-0.26766863465309143,-0.7318690419197083,-0.7185051441192627,-0.754786491394043,-0.7182623744010925,-0.664604663848877,-0.07853381335735321,1.3624999523162842
190,0.8582621216773987,-0.09296227246522903,-0.2679106891155243,-0.7327769994735718,-0.7195177674293518,-0.764136016368866,-0.7194097638130188,-0.6668229103088379,-0.07831461727619171,1.3624999523162842
191,0.8701887130737305,-0.08784452825784683,-0.268077552318573,-0.733005940914154,-0.7197830080986023,-0.7685908079147339,-0.7196623682975769,-0.667557954788208,-0.07830766588449478,1.3624999523162842
192,0.882115364074707,-0.08174703270196915,-0.26833540201187134,-0.734485924243927,-0.7214877009391785,-0.7701660990715027,-0.7214574813842773,-0.669320285320282,-0.07836850732564926,1.3624999523162842
193,0.8940419554710388,-0.07474453002214432,-0.26859050989151,-0.7359033226966858,-0.7231201529502869,-0.7727324962615967,-0.723179817199707,-0.6709624528884888,-0.07836359739303589,1.3624999523162842
194,0.9059685468673706,-0.0677756667137146,-0.26884573698043823,-0.7373108267784119,-0.7247406244277954,-0.7753289341926575,-0.7248828411102295,-0.6725847125053406,-0.07835879921913147,1.3624999523162842
195,0.9178951978683472,-0.06078318879008293,-0.2691006064414978,-0.7387113571166992,-0.7263519167900085,-0.7778990268707275,-0.7265729904174805,-0.6741848587989807,-0.07835375517606735,1.3624999523162842
196,0.929821789264679,-0.05379534512758255,-0.26935356855392456,-0.7401031851768494,-0.7279524803161621,-0.78046053647995,-0.7282516956329346,-0.6757521033287048,-0.07834848761558533,1.3624999523162842
197,0.9417483806610107,-0.04683614522218704,-0.2696061432361603,-0.7414847016334534,-0.729541003704071,-0.7830405235290527,-0.7299174070358276,-0.6773132085800171,-0.07834324985742569,1.3624999523162842
198,0.9536749720573425,-0.03983951732516289,-0.26986008882522583,-0.742872953414917,-0.731139600276947,-0.7856038212776184,-0.7315940260887146,-0.6789401173591614,-0.07833821326494217,1.3624999523162842
199,0.9656016230583191,-0.03273582458496094,-0.27011629939079285,-0.7442780137062073,-0.7327579259872437,-0.7881179451942444,-0.7333036661148071,-0.6805427670478821,-0.07833321392536163,1.3624999523162842
200,0.9775282144546509,-0.025547528639435768,-0.27037474513053894,-0.7457048296928406,-0.7344012260437012,-0.790568470954895,-0.7350309491157532,-0.6821844577789307,-0.07832805067300797,1.3624999523162842
201,0.9894548058509827,-0.018164515495300293,-0.270636647939682,-0.7472034692764282,-0.7361272573471069,-0.7928550243377686,-0.7368403673171997,-0.6840044260025024,-0.07832252234220505,1.3624999523162842
202,1.0013813972473145,-0.009831641800701618,-0.27091631293296814,-0.7490085959434509,-0.7382065653800964,-0.794451117515564,-0.7389988899230957,-0.6866310834884644,-0.07831649482250214,1.3624999523162842
203,1.013308048248291,0.00012426958710420877,-0.27118751406669617,-0.7508267760276794,-0.7403238415718079,-0.7956373691558838,-0.7411278486251831,-0.6917275786399841,-0.07810377329587936,1.3624999523162842
204,1.0252346992492676,0.0069956593215465546,-0.2714415192604065,-0.7521914839744568,-0.7418906688690186,-0.7979191541671753,-0.7427756190299988,-0.6931794285774231,-0.07810373604297638,1.3624999523162842
205,1.0371612310409546,0.01146184653043747,-0.2716938853263855,-0.7535195350646973,-0.7434175610542297,-0.800830066204071,-0.7443972826004028,-0.6942974925041199,-0.07792363315820694,1.3624999523162842
206,1.0490878820419312,0.01829325407743454,-0.2719500660896301,-0.7549459338188171,-0.745060384273529,-0.803428053855896,-0.7461175918579102,-0.6960414052009583,-0.07784365862607956,1.3624999523162842
207,1.0610144138336182,0.025343019515275955,-0.27220618724823,-0.7563608288764954,-0.7466899156570435,-0.8061222434043884,-0.7478225827217102,-0.6978272199630737,-0.07782110571861267,1.3624999523162842
208,1.0729410648345947,0.03246748447418213,-0.2724594473838806,-0.7576737403869629,-0.7481938004493713,-0.8090678453445435,-0.7494419813156128,-0.6982905864715576,-0.07807265967130661,1.3624999523162842
209,1.0848677158355713,0.03944123908877373,-0.27267348766326904,-0.7583436965942383,-0.7489556670188904,-0.8121300339698792,-0.7502840757369995,-0.6977238655090332,-0.07805997878313065,1.3624999523162842
210,1.0967942476272583,0.0465267114341259,-0.2729249596595764,-0.7596771717071533,-0.7504889369010925,-0.8147357106208801,-0.7518908381462097,-0.6992779970169067,-0.07804778218269348,1.3624999523162842
211,1.1087208986282349,0.05363481491804123,-0.2731735408306122,-0.7610025405883789,-0.7520130276679993,-0.8173255324363708,-0.753487765789032,-0.700823962688446,-0.07803547382354736,1.3624999523162842
212,1.1206475496292114,0.06071658432483673,-0.2734229862689972,-0.7623196244239807,-0.7535294890403748,-0.819932758808136,-0.7550801038742065,-0.7023562788963318,-0.07802314311265945,1.3624999523162842
213,1.1325740814208984,0.06775535643100739,-0.27367526292800903,-0.7636309266090393,-0.7550395727157593,-0.8225863575935364,-0.7566689848899841,-0.7038974165916443,-0.07801135629415512,1.3624999523162842
214,1.144500732421875,0.0747869461774826,-0.27392464876174927,-0.7649269700050354,-0.7565321922302246,-0.8252521753311157,-0.7582380175590515,-0.705409049987793,-0.07799958437681198,1.3624999523162842
215,1.1564273834228516,0.08180993050336838,-0.27417242527008057,-0.766227126121521,-0.758029580116272,-0.827914834022522,-0.7598105669021606,-0.7069231271743774,-0.07798764109611511,1.3624999523162842
216,1.1683539152145386,0.08882903307676315,-0.2744218409061432,-0.7675190567970276,-0.7595174312591553,-0.8305773735046387,-0.7613726258277893,-0.708407998085022,-0.07797546684741974,1.3624999523162842
217,1.1802805662155151,0.09584377706050873,-0.2746695876121521,-0.7688093185424805,-0.7610033750534058,-0.8332425355911255,-0.762932300567627,-0.7098842859268188,-0.07796325534582138,1.3624999523162842
218,1.1922072172164917,0.10287141054868698,-0.2749214172363281,-0.7700765132904053,-0.7624552249908447,-0.8359760046005249,-0.7644736170768738,-0.7107612490653992,-0.07794934511184692,1.3624999523162842
219,1.2041337490081787,0.10990402847528458,-0.27516981959342957,-0.7713168263435364,-0.7638766169548035,-0.8387254476547241,-0.7659809589385986,-0.7113751173019409,-0.07793428748846054,1.3624999523162842
220,1.2160604000091553,0.1169082522392273,-0.2754184901714325,-0.7725638747215271,-0.7653089165687561,-0.8415279388427734,-0.7674995064735413,-0.7119537591934204,-0.07791969925165176,1.3624999523162842
221,1.2279870510101318,0.12388728559017181,-0.27566996216773987,-0.7738407850265503,-0.7667751908302307,-0.8443217277526855,-0.7690494060516357,-0.7125431895256042,-0.07790514826774597,1.3624999523162842
222,1.2399135828018188,0.13378627598285675,-0.27602899074554443,-0.7767462730407715,-0.7701267600059509,-0.8578288555145264,-0.7723554968833923,-0.7141979336738586,-0.07823038846254349,1.3624999523162842
223,1.2518402338027954,0.14170387387275696,-0.27627649903297424,-0.778031587600708,-0.7716171145439148,-0.8613855242729187,-0.7739144563674927,-0.7155957818031311,-0.07825227081775665,1.3624999523162842
224,1.2637667655944824,0.14855536818504333,-0.2765231132507324,-0.7793000340461731,-0.7730743288993835,-0.8632433414459229,-0.7754594087600708,-0.7165194153785706,-0.07825523614883423,1.3624999523162842
225,1.275693416595459,0.1553928703069687,-0.2767721116542816,-0.7805586457252502,-0.7745204567909241,-0.8651108145713806,-0.7769865393638611,-0.7174381017684937,-0.07825817167758942,1.3624999523162842
226,1.2876200675964355,0.16222235560417175,-0.2769968807697296,-0.7815274000167847,-0.7756360173225403,-0.8670379519462585,-0.7781677842140198,-0.7181411981582642,-0.07826089859008789,1.3624999523162842
227,1.2995465993881226,0.16904789209365845,-0.27722206711769104,-0.7824603915214539,-0.7767103314399719,-0.8689744472503662,-0.7793046236038208,-0.7188173532485962,-0.07826358824968338,1.3624999523162842
228,1.3114732503890991,0.17609074711799622,-0.27745920419692993,-0.7834774255752563,-0.7778807282447815,-0.8707602024078369,-0.7805497050285339,-0.719565212726593,-0.0782662034034729,1.3624999523162842
229,1.3233999013900757,0.18115273118019104,-0.277651309967041,-0.7835243344306946,-0.7778857350349426,-0.8734223246574402,-0.7800256609916687,-0.7201463580131531,-0.07824208587408066,1.3624999523162842
230,1.3353264331817627,0.18517570197582245,-0.2777458727359772,-0.7828018069267273,-0.7770555019378662,-0.8775627017021179,-0.779191255569458,-0.7194896936416626,-0.07825519889593124,1.3624999523162842
231,1.3472530841827393,0.19241374731063843,-0.27797526121139526,-0.7837151885032654,-0.778107225894928,-0.8793758749961853,-0.780339241027832,-0.7200501561164856,-0.07826456427574158,1.3624999523162842
232,1.3591797351837158,0.19950035214424133,-0.27820414304733276,-0.7846109867095947,-0.7791386842727661,-0.8813048601150513,-0.7814655900001526,-0.7205811738967896,-0.07827518880367279,1.3624999523162842
233,1.3711062669754028,0.2066715955734253,-0.27844470739364624,-0.7855755090713501,-0.7802475690841675,-0.8831530809402466,-0.7826735973358154,-0.721173882484436,-0.07828482985496521,1.3624999523162842
234,1.3830329179763794,0.21265144646167755,-0.2786557674407959,-0.7862028479576111,-0.7809688448905945,-0.8858193755149841,-0.783477246761322,-0.721492350101471,-0.07829669862985611,1.3624999523162842
235,1.394959568977356,0.2175649255514145,-0.27886492013931274,-0.786508321762085,-0.7812919020652771,-0.8897311091423035,-0.78395676612854,-0.720550000667572,-0.07736999541521072,1.3624999523162842
236,1.406886100769043,0.22290660440921783,-0.27912071347236633,-0.7876903414726257,-0.7824335098266602,-0.8934299945831299,-0.7851672768592834,-0.7218143939971924,-0.07722200453281403,1.3624999523162842
237,1.4188127517700195,0.22764229774475098,-0.279401957988739,-0.7892557978630066,-0.783931314945221,-0.8978205323219299,-0.7868233323097229,-0.7227286100387573,-0.07728530466556549,1.3624999523162842
238,1.4307392835617065,0.23552638292312622,-0.27968767285346985,-0.7908726930618286,-0.7854757308959961,-0.90034419298172,-0.788467288017273,-0.7237185835838318,-0.07730527967214584,1.3624999523162842
239,1.442665934562683,0.24370789527893066,-0.2799900770187378,-0.7926605939865112,-0.7871831655502319,-0.9026626348495483,-0.7902761101722717,-0.7248348593711853,-0.07731986790895462,1.3624999523162842
240,1.4545925855636597,0.253204882144928,-0.2803787589073181,-0.7956020832061768,-0.7898740768432617,-0.9040685296058655,-0.7931393384933472,-0.7266923189163208,-0.07731310278177261,1.3624999523162842
241,1.4665191173553467,0.26415640115737915,-0.28075385093688965,-0.7992645502090454,-0.7932007908821106,-0.9043154716491699,-0.7964930534362793,-0.7302046418190002,-0.07730547338724136,1.3624999523162842
242,1.4784457683563232,0.27651938796043396,-0.28093528747558594,-0.7997947931289673,-0.7936989665031433,-0.9028326272964478,-0.7969406247138977,-0.7322149276733398,-0.07749291509389877,1.3624999523162842
243,1.4903724193572998,0.2887623906135559,-0.281145304441452,-0.8001679182052612,-0.7940247654914856,-0.9027351140975952,-0.7972135543823242,-0.7317469716072083,-0.07765007764101028,1.3624999523162842
244,1.5022989511489868,0.2953268587589264,-0.2814114987850189,-0.8016342520713806,-0.7953532934188843,-0.9048392176628113,-0.7985816597938538,-0.7327627539634705,-0.07762730121612549,1.3624999523162842
245,1.5142256021499634,0.30185168981552124,-0.28167515993118286,-0.8030970692634583,-0.7966780662536621,-0.9069693088531494,-0.7999510169029236,-0.7337794899940491,-0.07760391384363174,1.3624999523162842
246,1.52615225315094,0.3084172010421753,-0.281942218542099,-0.8045650124549866,-0.7980072498321533,-0.909079372882843,-0.8013240694999695,-0.7347916960716248,-0.07758180797100067,1.3624999523162842
247,1.538078784942627,0.31498005986213684,-0.28220969438552856,-0.8060345649719238,-0.7993378639221191,-0.9111908078193665,-0.8026977181434631,-0.7358044385910034,-0.07755982130765915,1.3624999523162842
248,1.5500054359436035,0.32152456045150757,-0.28247398138046265,-0.8074973821640015,-0.8006627559661865,-0.9133131504058838,-0.8040685653686523,-0.7368155121803284,-0.07753746211528778,1.3624999523162842
249,1.56193208694458,0.3280797600746155,-0.2826104164123535,-0.8088909983634949,-0.8019256591796875,-0.9154468178749084,-0.8053672313690186,-0.7377884387969971,-0.07751525193452835,1.3624999523162842
250,1.573858618736267,0.33459457755088806,-0.28274405002593994,-0.8102787733078003,-0.8031831979751587,-0.9176061749458313,-0.8066602349281311,-0.7387564182281494,-0.07749257236719131,1.3624999523162842
251,1.5857852697372437,0.34115150570869446,-0.28287172317504883,-0.8116564750671387,-0.8044309616088867,-0.9197384715080261,-0.8079480528831482,-0.7397205829620361,-0.07746966183185577,1.3624999523162842
252,1.5977118015289307,0.3476907014846802,-0.2829975485801697,-0.8130375742912292,-0.8056816458702087,-0.921881377696991,-0.8092381358146667,-0.7406860589981079,-0.07744725793600082,1.3624999523162842
253,1.6096384525299072,0.3541790544986725,-0.2831276059150696,-0.8145279884338379,-0.8070313334465027,-0.9240282773971558,-0.8106322288513184,-0.741718590259552,-0.07742384076118469,1.3624999523162842
254,1.6215651035308838,0.36065247654914856,-0.2833232879638672,-0.8160833716392517,-0.8084403872489929,-0.9261682629585266,-0.8120936155319214,-0.7427933216094971,-0.07740166038274765,1.3624999523162842
255,1.6334916353225708,0.36686137318611145,-0.2834891974925995,-0.8181887269020081,-0.8103483319282532,-0.9282914400100708,-0.8140719532966614,-0.7442551851272583,-0.07737884670495987,1.3624999523162842
256,1.6454182863235474,0.3726385533809662,-0.28361961245536804,-0.81996750831604,-0.811966598033905,-0.9294506907463074,-0.8157399892807007,-0.7460497617721558,-0.07722799479961395,1.3624999523162842
257,1.657344937324524,0.3790319859981537,-0.28380289673805237,-0.8214564919471741,-0.8133155107498169,-0.9312509298324585,-0.8171502351760864,-0.7470031976699829,-0.07721905410289764,1.3624999523162842
258,1.669271469116211,0.3854084312915802,-0.28391385078430176,-0.8228910565376282,-0.8146155476570129,-0.933077335357666,-0.8185064196586609,-0.7479257583618164,-0.07720991969108582,1.3624999523162842
259,1.6811981201171875,0.391793429851532,-0.28408995270729065,-0.8243711590766907,-0.8159559369087219,-0.9348838329315186,-0.8199127316474915,-0.7488774061203003,-0.07720095664262772,1.3624999523162842
260,1.693124771118164,0.3981848657131195,-0.28420352935791016,-0.8258755207061768,-0.8173182606697083,-0.9366786479949951,-0.8213412165641785,-0.7498443126678467,-0.07719206809997559,1.3624999523162842
261,1.705051302909851,0.40454745292663574,-0.2843955457210541,-0.8276134729385376,-0.8188920021057129,-0.9384174346923828,-0.8229941725730896,-0.7509437799453735,-0.07718252390623093,1.3624999523162842
262,1.7169779539108276,0.41094985604286194,-0.28455111384391785,-0.829969584941864,-0.8210272192955017,-0.9398487210273743,-0.8252220153808594,-0.7525709271430969,-0.07716995477676392,1.3624999523162842
263,1.7289046049118042,0.4169239401817322,-0.28473010659217834,-0.8320307731628418,-0.8229082226753235,-0.9408018589019775,-0.827134370803833,-0.7550133466720581,-0.077018141746521,1.3624999523162842
264,1.7408311367034912,0.4225141406059265,-0.28478947281837463,-0.8329949378967285,-0.8237859010696411,-0.9412264227867126,-0.8280829787254333,-0.7559239268302917,-0.07702470570802689,1.3624999523162842
265,1.7527577877044678,0.42886170744895935,-0.2849101722240448,-0.8339343070983887,-0.8246363997459412,-0.9429395198822021,-0.8289815187454224,-0.7564979195594788,-0.07702406495809555,1.3624999523162842
266,1.7646843194961548,0.43513572216033936,-0.28502944111824036,-0.8348827958106995,-0.8254952430725098,-0.9446843266487122,-0.8298861980438232,-0.7570836544036865,-0.07702229171991348,1.3624999523162842
267,1.7766109704971313,0.4414528012275696,-0.2851490378379822,-0.8358350396156311,-0.8263581991195679,-0.9463817477226257,-0.8307939767837524,-0.7577110528945923,-0.07702162861824036,1.3624999523162842
268,1.788537621498108,0.44770821928977966,-0.28520509600639343,-0.8367548584938049,-0.8271909356117249,-0.9481672048568726,-0.831668496131897,-0.7582785487174988,-0.07702183723449707,1.3624999523162842
269,1.800464153289795,0.44652506709098816,-0.28528958559036255,-0.8366789221763611,-0.8271040916442871,-0.958397388458252,-0.8315460681915283,-0.7568930387496948,-0.07730869948863983,1.3624999523162842
270,1.8123908042907715,0.4442857503890991,-0.28529492020606995,-0.8359153866767883,-0.8264098763465881,-0.9682039022445679,-0.8310588002204895,-0.7553763389587402,-0.07747199386358261,1.3624999523162842
271,1.824317455291748,0.4498036205768585,-0.2853187620639801,-0.8363468647003174,-0.8267979025840759,-0.9710586071014404,-0.8315843343734741,-0.7553596496582031,-0.07751180231571198,1.3624999523162842
272,1.836243987083435,0.4571743905544281,-0.28544193506240845,-0.837118923664093,-0.8274968266487122,-0.9724663496017456,-0.8323975205421448,-0.755534827709198,-0.07756171375513077,1.3624999523162842
273,1.8481706380844116,0.4653373956680298,-0.2855789065361023,-0.838161289691925,-0.8284421563148499,-0.9737248420715332,-0.8333960771560669,-0.7562478184700012,-0.0775773897767067,1.3624999523162842
274,1.8600972890853882,0.4734516143798828,-0.2857149839401245,-0.839175283908844,-0.8293622732162476,-0.9750396609306335,-0.8343596458435059,-0.7569780945777893,-0.07760196924209595,1.3624999523162842
275,1.8720238208770752,0.48147693276405334,-0.2858554422855377,-0.8401756286621094,-0.8302695155143738,-0.9764729738235474,-0.8352839946746826,-0.7577816843986511,-0.07763469219207764,1.3624999523162842
276,1.8839504718780518,0.4894463121891022,-0.28599703311920166,-0.8413790464401245,-0.8313073515892029,-0.9780430197715759,-0.8362417817115784,-0.7584797143936157,-0.07765767723321915,1.3624999523162842
277,1.8958771228790283,0.4973580241203308,-0.28614330291748047,-0.842806875705719,-0.8325998783111572,-0.9796653389930725,-0.8372644782066345,-0.7589055299758911,-0.07767456024885178,1.3624999523162842
278,1.9078036546707153,0.5052770972251892,-0.2862125635147095,-0.8440878987312317,-0.8337592482566833,-0.9813413023948669,-0.8381848335266113,-0.7592752575874329,-0.07769380509853363,1.3624999523162842
279,1.919730305671692,0.5131354928016663,-0.2863442003726959,-0.8453996181488037,-0.8349478840827942,-0.983062207698822,-0.83913254737854,-0.7596375346183777,-0.07771358639001846,1.3624999523162842
280,1.9316569566726685,0.5209932327270508,-0.28647580742836,-0.8467186689376831,-0.8361428380012512,-0.9847723841667175,-0.8400891423225403,-0.7600033283233643,-0.07773225754499435,1.3624999523162842
281,1.9435834884643555,0.5287991762161255,-0.28660696744918823,-0.8480418920516968,-0.8373399376869202,-0.9865017533302307,-0.8410390615463257,-0.7603763937950134,-0.07775101065635681,1.3624999523162842
282,1.955510139465332,0.5366129279136658,-0.2867332696914673,-0.8493534922599792,-0.8385279774665833,-0.9882559180259705,-0.841982901096344,-0.760729968547821,-0.07777183502912521,1.3624999523162842
283,1.967436671257019,0.5444133877754211,-0.2868639826774597,-0.8506832122802734,-0.83973228931427,-0.990020751953125,-0.8429429531097412,-0.761090874671936,-0.07779162377119064,1.3624999523162842
284,1.9793633222579956,0.5522453188896179,-0.2869977056980133,-0.8520995378494263,-0.8410142660140991,-0.991712749004364,-0.8439652919769287,-0.7615017890930176,-0.07781196385622025,1.3624999523162842
285,1.9912899732589722,0.5600556135177612,-0.2871299684047699,-0.8534595370292664,-0.8422459363937378,-0.9934403896331787,-0.844944417476654,-0.7618772387504578,-0.0778302550315857,1.3624999523162842
286,2.003216505050659,0.5678308606147766,-0.2872559726238251,-0.8547928929328918,-0.8434534668922424,-0.995220959186554,-0.8459032773971558,-0.7622334361076355,-0.07785079628229141,1.3624999523162842
287,2.0151431560516357,0.5756335258483887,-0.28738078474998474,-0.8561245799064636,-0.844658374786377,-0.9969832897186279,-0.8468614220619202,-0.7626006007194519,-0.0778719112277031,1.3624999523162842
288,2.0270698070526123,0.5834128856658936,-0.28750643134117126,-0.8574623465538025,-0.8458703756332397,-0.9987316131591797,-0.8478347063064575,-0.7629872560501099,-0.07789131999015808,1.3624999523162842
289,2.038996458053589,0.5911851525306702,-0.2876300811767578,-0.858787477016449,-0.8470711708068848,-1.0005007982254028,-0.8487882018089294,-0.76336270570755,-0.0779118463397026,1.3624999523162842
290,2.0509228706359863,0.5989311337471008,-0.2878186106681824,-0.8601434826850891,-0.848298192024231,-1.0022932291030884,-0.8497611880302429,-0.7637421488761902,-0.07793355733156204,1.3624999523162842
291,2.062849521636963,0.6067584753036499,-0.2879374623298645,-0.8614633083343506,-0.8494930267333984,-1.0039864778518677,-0.8507142663002014,-0.7641082406044006,-0.07794979959726334,1.3624999523162842
292,2.0747761726379395,0.614499568939209,-0.2880564033985138,-0.8627655506134033,-0.8506729602813721,-1.0058001279830933,-0.8516598343849182,-0.7644715905189514,-0.07797099649906158,1.3624999523162842
293,2.086702823638916,0.6222561597824097,-0.28817206621170044,-0.8640636801719666,-0.8518486618995667,-1.0076042413711548,-0.8525957465171814,-0.7648106217384338,-0.07799366861581802,1.3624999523162842
294,2.0986294746398926,0.6300843358039856,-0.2882916033267975,-0.8653790950775146,-0.8530386686325073,-1.0093343257904053,-0.8535393476486206,-0.7651734948158264,-0.07801300287246704,1.3624999523162842
295,2.110556125640869,0.6378224492073059,-0.28840547800064087,-0.8666567206382751,-0.8541948795318604,-1.0111969709396362,-0.8544648289680481,-0.7654768228530884,-0.0780348852276802,1.3624999523162842
296,2.1224825382232666,0.6455482244491577,-0.2885188162326813,-0.8679463863372803,-0.8553624749183655,-1.0129523277282715,-0.8553977012634277,-0.7658555507659912,-0.07805245369672775,1.3624999523162842
297,2.134409189224243,0.6533426642417908,-0.28863251209259033,-0.8692454695701599,-0.8565395474433899,-1.0147429704666138,-0.856335461139679,-0.7661892175674438,-0.07807368040084839,1.3624999523162842
298,2.1463358402252197,0.6610965728759766,-0.2888108789920807,-0.8705571293830872,-0.8577268719673157,-1.0165528059005737,-0.8572790026664734,-0.7665284872055054,-0.07809481769800186,1.3624999523162842
299,2.1582624912261963,0.6688692569732666,-0.2889176309108734,-0.8718260526657104,-0.8588752746582031,-1.018298864364624,-0.8581940531730652,-0.7668905258178711,-0.0781116709113121,1.3624999523162842
300,2.170189142227173,0.6766131520271301,-0.2890285849571228,-0.8731089234352112,-0.860037624835968,-1.0201705694198608,-0.8591200709342957,-0.7672126889228821,-0.07813791930675507,1.3624999523162842
301,2.1821157932281494,0.684390127658844,-0.2891380190849304,-0.8743703365325928,-0.8611805438995361,-1.021918535232544,-0.8600369691848755,-0.7675464153289795,-0.0781547948718071,1.3624999523162842
302,2.194042205810547,0.6921356320381165,-0.28924643993377686,-0.8756296038627625,-0.8623197078704834,-1.0237361192703247,-0.8609416484832764,-0.7678914070129395,-0.07817600667476654,1.3624999523162842
303,2.2059688568115234,0.699880063533783,-0.28941717743873596,-0.8769181966781616,-0.863486647605896,-1.025558352470398,-0.8618685603141785,-0.7682244181632996,-0.07819897681474686,1.3624999523162842
304,2.2178955078125,0.7076575756072998,-0.28952062129974365,-0.8781697750091553,-0.8646206259727478,-1.0273066759109497,-0.8627734184265137,-0.7685713171958923,-0.07821537554264069,1.3624999523162842
305,2.2298221588134766,0.7153837084770203,-0.2896263897418976,-0.8794094324111938,-0.8657430410385132,-1.0292000770568848,-0.8636755347251892,-0.7688852548599243,-0.07824062556028366,1.3624999523162842
306,2.241748809814453,0.723163902759552,-0.289728045463562,-0.8806520104408264,-0.8668673634529114,-1.0309475660324097,-0.8645707964897156,-0.7692182064056396,-0.07825754582881927,1.3624999523162842
307,2.2536752223968506,0.7309055328369141,-0.2898961007595062,-0.8819268345832825,-0.8680225610733032,-1.0327742099761963,-0.865487813949585,-0.7695584893226624,-0.07827990502119064,1.3624999523162842
308,2.265601873397827,0.7386482954025269,-0.289996474981308,-0.8831515908241272,-0.8691314458847046,-1.0346113443374634,-0.8663743138313293,-0.7698635458946228,-0.07830078899860382,1.3624999523162842
309,2.2775285243988037,0.7464256286621094,-0.2900959849357605,-0.8843826055526733,-0.8702458143234253,-1.0363662242889404,-0.8672654032707214,-0.7702053785324097,-0.07831741124391556,1.3624999523162842
310,2.2894551753997803,0.7541468143463135,-0.2902621924877167,-0.8856354355812073,-0.8713803291320801,-1.038262128829956,-0.8681724071502686,-0.7705060243606567,-0.07834320515394211,1.3624999523162842
311,2.301381826400757,0.7619286179542542,-0.2903561294078827,-0.886847972869873,-0.8724790811538696,-1.040016531944275,-0.8690462708473206,-0.7708370685577393,-0.07836045324802399,1.3624999523162842
312,2.3133084774017334,0.7696859240531921,-0.29045307636260986,-0.8880565166473389,-0.8735725283622742,-1.041845679283142,-0.8699181079864502,-0.7711467146873474,-0.07838078588247299,1.3624999523162842
313,2.325234889984131,0.7774198651313782,-0.29054924845695496,-0.8892533183097839,-0.8746560215950012,-1.0437079668045044,-0.8707852959632874,-0.7714338302612305,-0.07840441912412643,1.3624999523162842
314,2.3371615409851074,0.7852057814598083,-0.2907080352306366,-0.8904846906661987,-0.8757718205451965,-1.0454431772232056,-0.8716791272163391,-0.7717848420143127,-0.07842069119215012,1.3624999523162842
315,2.349088191986084,0.7929458022117615,-0.2908024191856384,-0.8916692137718201,-0.8768446445465088,-1.0473217964172363,-0.8725334405899048,-0.772074282169342,-0.07844360172748566,1.3624999523162842
316,2.3610148429870605,0.8006770610809326,-0.29089510440826416,-0.8928419351577759,-0.8779054880142212,-1.0491526126861572,-0.873377799987793,-0.7723729014396667,-0.07846306264400482,1.3624999523162842
317,2.372941493988037,0.8081750869750977,-0.2910492420196533,-0.8940163850784302,-0.8789693117141724,-1.0511590242385864,-0.8742315769195557,-0.7726387977600098,-0.07848230004310608,1.3624999523162842
318,2.3848679065704346,0.8156297206878662,-0.29113492369651794,-0.8951372504234314,-0.8799850940704346,-1.053163766860962,-0.8750521540641785,-0.7728780508041382,-0.07849590480327606,1.3624999523162842
319,2.396794557571411,0.8228887319564819,-0.2912858724594116,-0.896265983581543,-0.8810063600540161,-1.0553394556045532,-0.8758763074874878,-0.7729949951171875,-0.07853491604328156,1.3624999523162842
320,2.4087212085723877,0.8281572461128235,-0.29161787033081055,-0.900311291217804,-0.884669840335846,-1.0579299926757812,-0.8787897825241089,-0.7742002606391907,-0.07859484851360321,1.3624999523162842
321,2.4206478595733643,0.8360211253166199,-0.2916453778743744,-0.9007403254508972,-0.8850571513175964,-1.0598479509353638,-0.8791130781173706,-0.7740797996520996,-0.07862392067909241,1.3624999523162842
322,2.432574510574341,0.8435573577880859,-0.29177677631378174,-0.901637852191925,-0.8858700394630432,-1.0618233680725098,-0.8797696232795715,-0.7741472721099854,-0.07865550369024277,1.3624999523162842
323,2.4445011615753174,0.8510611057281494,-0.29184553027153015,-0.902580976486206,-0.8867236375808716,-1.063819408416748,-0.8804603219032288,-0.7742239832878113,-0.07868821918964386,1.3624999523162842
324,2.456427574157715,0.8586037158966064,-0.2919187843799591,-0.9035781025886536,-0.8876254558563232,-1.0657631158828735,-0.8811900019645691,-0.7743346691131592,-0.0787212923169136,1.3624999523162842
325,2.4683542251586914,0.8662574291229248,-0.2920566499233246,-0.9046154022216797,-0.8885647654533386,-1.0675982236862183,-0.881949245929718,-0.7744768857955933,-0.07875380665063858,1.3624999523162842
326,2.480280876159668,0.8741402626037598,-0.29212653636932373,-0.9055808186531067,-0.8894386291503906,-1.0692589282989502,-0.8826488852500916,-0.7746267318725586,-0.07878036051988602,1.3624999523162842
327,2.4922075271606445,0.8822404742240906,-0.29226750135421753,-0.9066151976585388,-0.890374481678009,-1.0707719326019287,-0.8833981156349182,-0.7748156785964966,-0.07880808413028717,1.3624999523162842
328,2.504134178161621,0.890637218952179,-0.2923395335674286,-0.907620906829834,-0.8912851810455322,-1.0719685554504395,-0.8841321468353271,-0.7750630378723145,-0.07882491499185562,1.3624999523162842
329,2.5160608291625977,0.8991922736167908,-0.2924090325832367,-0.9086335897445679,-0.89220130443573,-1.0730705261230469,-0.8848615288734436,-0.7753223776817322,-0.07884256541728973,1.3624999523162842
330,2.527987241744995,0.9078695774078369,-0.2925488352775574,-0.9096844792366028,-0.893153190612793,-1.0740923881530762,-0.8856138586997986,-0.7756033539772034,-0.07886150479316711,1.3624999523162842
331,2.5399138927459717,0.9166615009307861,-0.2926170229911804,-0.9106864333152771,-0.8940604329109192,-1.0750325918197632,-0.8863347768783569,-0.7758820056915283,-0.07887841016054153,1.3624999523162842
332,2.5518405437469482,0.9255467653274536,-0.2927547097206116,-0.9117149114608765,-0.894991397857666,-1.0758436918258667,-0.8870751857757568,-0.776199221611023,-0.07889004796743393,1.3624999523162842
333,2.563767194747925,0.9345155358314514,-0.29282146692276,-0.9127093553543091,-0.8958916068077087,-1.076587200164795,-0.8877902030944824,-0.7765275239944458,-0.0789005234837532,1.3624999523162842
334,2.5756938457489014,0.9435263276100159,-0.29295870661735535,-0.9137287735939026,-0.8968151807785034,-1.077287197113037,-0.8885218501091003,-0.776875376701355,-0.07891245186328888,1.3624999523162842
335,2.587620258331299,0.9525631070137024,-0.2930224537849426,-0.9147055745124817,-0.8977003693580627,-1.0780322551727295,-0.8892191052436829,-0.7772031426429749,-0.07892480492591858,1.3624999523162842
336,2.5995469093322754,0.9616668224334717,-0.2931552529335022,-0.9156954884529114,-0.8985967636108398,-1.0786999464035034,-0.889925479888916,-0.7775974869728088,-0.07890374213457108,1.3624999523162842
337,2.611473560333252,0.9705259203910828,-0.29321715235710144,-0.9166331887245178,-0.8994462490081787,-1.079345941543579,-0.8906105160713196,-0.7778580784797668,-0.07886794209480286,1.3624999523162842
338,2.6234002113342285,0.9791269898414612,-0.2932834327220917,-0.9175758957862854,-0.9002991914749146,-1.0799903869628906,-0.8913036584854126,-0.777970016002655,-0.07889574766159058,1.3624999523162842
339,2.635326862335205,0.9877076148986816,-0.2934134304523468,-0.918548583984375,-0.9011799693107605,-1.080639123916626,-0.8920109868049622,-0.778078019618988,-0.07892344892024994,1.3624999523162842
340,2.6472535133361816,0.9963017106056213,-0.2934754490852356,-0.9194732308387756,-0.9020168781280518,-1.0812742710113525,-0.8926894664764404,-0.7781727313995361,-0.07895047217607498,1.3624999523162842
341,2.659179925918579,0.9976407885551453,-0.29345035552978516,-0.9176345467567444,-0.9003236889839172,-1.0922176837921143,-0.8915002346038818,-0.7734421491622925,-0.07943228632211685,1.3624999523162842
342,2.6711065769195557,1.0053905248641968,-0.2934480607509613,-0.9177646636962891,-0.9004400968551636,-1.0936529636383057,-0.8916302919387817,-0.7729792594909668,-0.07947635650634766,1.3624999523162842
343,2.6830332279205322,1.013461947441101,-0.29351723194122314,-0.9180434942245483,-0.9006927013397217,-1.094801902770996,-0.8918558955192566,-0.7726715803146362,-0.0795130729675293,1.3624999523162842
344,2.694959878921509,1.0216670036315918,-0.2935248613357544,-0.9183240532875061,-0.9009460210800171,-1.095865249633789,-0.8920849561691284,-0.7724032402038574,-0.07954675704240799,1.3624999523162842
345,2.7068865299224854,1.029963493347168,-0.29360970854759216,-0.9188025593757629,-0.9013782143592834,-1.0968148708343506,-0.892453670501709,-0.7722387313842773,-0.07957973331212997,1.3624999523162842
346,2.718813180923462,1.0382895469665527,-0.29364001750946045,-0.9193678498268127,-0.9018898606300354,-1.0977251529693604,-0.8928838968276978,-0.7721228003501892,-0.07961083948612213,1.3624999523162842
347,2.7307395935058594,1.046530842781067,-0.293735146522522,-0.9200038909912109,-0.9024689793586731,-1.0976788997650146,-0.8933697938919067,-0.7724237442016602,-0.07962265610694885,1.3624999523162842
348,2.742666244506836,1.055071473121643,-0.2937711179256439,-0.9207984805107117,-0.9031922221183777,-1.0972795486450195,-0.8939566016197205,-0.7731305360794067,-0.07961121201515198,1.3624999523162842
349,2.7545928955078125,1.0638091564178467,-0.29387956857681274,-0.9217422008514404,-0.904050350189209,-1.0968559980392456,-0.8946579098701477,-0.773899257183075,-0.07960161566734314,1.3624999523162842
350,2.766519546508789,1.072664499282837,-0.29392755031585693,-0.9227123856544495,-0.9049330353736877,-1.0963964462280273,-0.8953667283058167,-0.7746739983558655,-0.0795917958021164,1.3624999523162842
351,2.7784461975097656,1.0815739631652832,-0.2940438389778137,-0.923761785030365,-0.9058864712715149,-1.0959218740463257,-0.8961280584335327,-0.7754677534103394,-0.07958304136991501,1.3624999523162842
352,2.790372610092163,1.0905307531356812,-0.29409393668174744,-0.9247884750366211,-0.9068198204040527,-1.095428705215454,-0.8968800902366638,-0.7762587666511536,-0.07957436889410019,1.3624999523162842
353,2.8022992610931396,1.0995028018951416,-0.29421329498291016,-0.9258804321289062,-0.9078121781349182,-1.0949442386627197,-0.897665798664093,-0.7770628333091736,-0.07956530153751373,1.3624999523162842
354,2.814225912094116,1.1085611581802368,-0.29433757066726685,-0.9270161986351013,-0.9088422060012817,-1.0944207906723022,-0.8984715342521667,-0.7778800129890442,-0.07955751568078995,1.3624999523162842
355,2.8261525630950928,1.1177465915679932,-0.2944009006023407,-0.9281954169273376,-0.9099092483520508,-1.093869686126709,-0.8992812633514404,-0.7787057161331177,-0.07954856753349304,1.3624999523162842
356,2.8380792140960693,1.1269484758377075,-0.29453325271606445,-0.9294330477714539,-0.9110329151153564,-1.093325138092041,-0.9001466631889343,-0.7795439958572388,-0.07954034954309464,1.3624999523162842
357,2.850005865097046,1.136101484298706,-0.294596791267395,-0.9306589365005493,-0.9121454954147339,-1.0927975177764893,-0.9009931087493896,-0.7803782224655151,-0.0795305073261261,1.3624999523162842
358,2.8619322776794434,1.1451383829116821,-0.2947337031364441,-0.9319798350334167,-0.913345456123352,-1.092288851737976,-0.9019163250923157,-0.7812338471412659,-0.07952413707971573,1.3624999523162842
359,2.87385892868042,1.154219627380371,-0.2948013246059418,-0.9332442879676819,-0.914493203163147,-1.0917716026306152,-0.9027919769287109,-0.7820761203765869,-0.07951711118221283,1.3624999523162842
360,2.8857855796813965,1.1633325815200806,-0.29493898153305054,-0.934573233127594,-0.9156988859176636,-1.0912551879882812,-0.9037162661552429,-0.7829304337501526,-0.07950912415981293,1.3624999523162842
361,2.897712230682373,1.1724936962127686,-0.29501765966415405,-0.9359233975410461,-0.9169251322746277,-1.0907121896743774,-0.9046531319618225,-0.7837885022163391,-0.07950244843959808,1.3624999523162842
362,2.9096388816833496,1.183223843574524,-0.29513251781463623,-0.9369418621063232,-0.9178480505943298,-1.0897327661514282,-0.9053373336791992,-0.784541666507721,-0.07948107272386551,1.3624999523162842
363,2.921565294265747,1.1983418464660645,-0.2952061891555786,-0.9371529817581177,-0.9180383086204529,-1.0875217914581299,-0.9054094552993774,-0.7850415706634521,-0.07942333817481995,1.3624999523162842
364,2.9334919452667236,1.2167856693267822,-0.2952089309692383,-0.9373165965080261,-0.9181875586509705,-1.084349274635315,-0.9053669571876526,-0.7851738333702087,-0.07920613884925842,1.3624999523162842
365,2.9454185962677,1.2358044385910034,-0.29536616802215576,-0.938546895980835,-0.9192944169044495,-1.0813617706298828,-0.9059755206108093,-0.7868382930755615,-0.07961107790470123,1.3624999523162842
366,2.9573452472686768,1.2523083686828613,-0.29546692967414856,-0.9400920271873474,-0.92069411277771,-1.0789992809295654,-0.9070568680763245,-0.7873404622077942,-0.07965611666440964,1.3624999523162842
367,2.9692718982696533,1.2683957815170288,-0.2955760359764099,-0.9410540461540222,-0.9215659499168396,-1.0767991542816162,-0.9077458381652832,-0.7875334024429321,-0.0797157883644104,1.3624999523162842
368,2.98119854927063,1.281649112701416,-0.2955140471458435,-0.9393978118896484,-0.9200173616409302,-1.075966238975525,-0.9058358073234558,-0.7866091132164001,-0.0800500437617302,1.3624999523162842
369,2.9931249618530273,1.2800390720367432,-0.2941167652606964,-0.9166674017906189,-0.8993477821350098,-1.0814741849899292,-0.888796865940094,-0.7753255367279053,-0.08118446916341782,1.3624999523162842
370,3.005051612854004,1.2944389581680298,-0.2927994728088379,-0.8997927904129028,-0.8840383291244507,-1.081546664237976,-0.8765392303466797,-0.766614556312561,-0.08188032358884811,1.3624999523162842
371,3.0169782638549805,1.3133544921875,-0.29145175218582153,-0.8838476538658142,-0.8695762753486633,-1.080164909362793,-0.8649811148643494,-0.7585750222206116,-0.08244898915290833,1.3624999523162842
372,3.028904914855957,1.3403856754302979,-0.2907255291938782,-0.8744193315505981,-0.8610177040100098,-1.0761065483093262,-0.8580769896507263,-0.7536197900772095,-0.08284757286310196,1.3624999523162842
373,3.0408315658569336,1.3659436702728271,-0.29039889574050903,-0.8707674741744995,-0.8576993346214294,-1.073495864868164,-0.8552486896514893,-0.7356845140457153,-0.08326885104179382,1.3624999523162842
374,3.05275821685791,1.392287254333496,-0.29010242223739624,-0.866065502166748,-0.8534207940101624,-1.0700111389160156,-0.8516882061958313,-0.7267019748687744,-0.08373983949422836,1.3624999523162842
375,3.0646846294403076,1.418368935585022,-0.2897965908050537,-0.8612209558486938,-0.8490130305290222,-1.066538691520691,-0.8480161428451538,-0.7186800837516785,-0.08422572165727615,1.3624999523162842
376,3.076611280441284,1.4432772397994995,-0.2894141376018524,-0.8562502861022949,-0.8444915413856506,-1.0631943941116333,-0.8442461490631104,-0.7103056311607361,-0.08498074114322662,1.3624999523162842
377,3.0885379314422607,1.465538501739502,-0.28909480571746826,-0.8512538075447083,-0.8399417996406555,-1.061147689819336,-0.8404363989830017,-0.6992835998535156,-0.08680440485477448,1.3624999523162842
378,3.1004645824432373,1.4882954359054565,-0.2887113690376282,-0.8461741805076599,-0.8353179693222046,-1.0591236352920532,-0.8365985155105591,-0.6876819133758545,-0.08795734494924545,1.3624999523162842
379,3.112391233444214,1.436223030090332,-0.2887794077396393,-0.8446999192237854,-0.8339233994483948,-1.099272608757019,-0.8356750011444092,-0.6302617788314819,-0.11777510493993759,1.3624999523162842
380,3.1243176460266113,1.4569674730300903,-0.28851720690727234,-0.8404762744903564,-0.830085277557373,-1.0992013216018677,-0.8316371440887451,-0.6205442547798157,-0.11989721655845642,1.3624999523162842
381,3.136244297027588,1.4771888256072998,-0.28818491101264954,-0.836166262626648,-0.8261642456054688,-1.0992971658706665,-0.8273022770881653,-0.6108959913253784,-0.12203934788703918,1.3624999523162842
382,3.1481709480285645,1.4970835447311401,-0.2879135310649872,-0.8318496346473694,-0.8222360014915466,-1.0995047092437744,-0.8229047656059265,-0.6012606620788574,-0.12419920414686203,1.3624999523162842
383,3.160097599029541,1.5167956352233887,-0.2876495122909546,-0.8275149464607239,-0.8182886242866516,-1.0997766256332397,-0.8184728026390076,-0.5916144847869873,-0.12636801600456238,1.3624999523162842
384,3.1720242500305176,1.5249557495117188,-0.2872292995452881,-0.8182954788208008,-0.8096861243247986,-1.1054773330688477,-0.8044204115867615,-0.5807457566261292,-0.13027480244636536,1.3624999523162842
385,3.183950901031494,1.4300605058670044,-0.2923111319541931,-0.8971672058105469,-0.8816925883293152,-1.2001107931137085,-0.8729233145713806,-0.7901049852371216,-0.17901748418807983,1.3624999523162842
386,3.1958773136138916,1.4444489479064941,-0.29240742325782776,-0.8985328674316406,-0.8829253911972046,-1.20706307888031,-0.873791515827179,-0.7911725044250488,-0.18182754516601562,1.3624999523162842
387,3.207803964614868,1.4580951929092407,-0.29245492815971375,-0.8985283374786377,-0.8828617930412292,-1.214930534362793,-0.8726432919502258,-0.7916898727416992,-0.18487006425857544,1.3624999523162842
388,3.2197306156158447,1.4641772508621216,-0.29240894317626953,-0.8945200443267822,-0.8790544271469116,-1.2304714918136597,-0.8668428063392639,-0.7917465567588806,-0.1897388994693756,1.3624999523162842
389,3.2316572666168213,1.4570257663726807,-0.2920602262020111,-0.8850029706954956,-0.8703535199165344,-1.2364476919174194,-0.8585641384124756,-0.7898817658424377,-0.19067680835723877,1.3624999523162842
390,3.243583917617798,1.4448586702346802,-0.2914333939552307,-0.8730146884918213,-0.8594582676887512,-1.2387765645980835,-0.8493287563323975,-0.7860396504402161,-0.1901443898677826,1.3624999523162842
391,3.2555105686187744,1.4302493333816528,-0.29070374369621277,-0.8622778058052063,-0.8497633337974548,-1.2423864603042603,-0.8421159386634827,-0.781903088092804,-0.189861461520195,1.3624999523162842
392,3.267436981201172,1.4095581769943237,-0.2905697226524353,-0.8602083325386047,-0.8478472828865051,-1.2491563558578491,-0.8399409651756287,-0.7812610268592834,-0.18995799124240875,1.3624999523162842
393,3.2793636322021484,1.4101473093032837,-0.2902005910873413,-0.8548391461372375,-0.8430675268173218,-1.2634176015853882,-0.8353261947631836,-0.7793835997581482,-0.1940600574016571,1.3624999523162842
394,3.291290283203125,1.4078452587127686,-0.2902802526950836,-0.8545436859130859,-0.8427384495735168,-1.2801896333694458,-0.8339812755584717,-0.7799921035766602,-0.1986617147922516,1.3624999523162842
395,3.3032169342041016,1.3708666563034058,-0.2914527952671051,-0.8750056624412537,-0.8612253069877625,-1.3013077974319458,-0.8500325679779053,-0.7884989380836487,-0.2016715556383133,1.3624999523162842
396,3.315143585205078,1.29853355884552,-0.29109203815460205,-0.8758259415626526,-0.862199604511261,-1.2907905578613281,-0.8544557094573975,-0.7883930802345276,-0.19356609880924225,1.3624999523162842
397,3.3270699977874756,1.2809175252914429,-0.2905086576938629,-0.8690189123153687,-0.8560441136360168,-1.2958908081054688,-0.8496919870376587,-0.7865234017372131,-0.1939256340265274,1.3624999523162842
398,3.338996648788452,1.264028549194336,-0.2898302972316742,-0.8616346716880798,-0.8493526577949524,-1.300788402557373,-0.8442776799201965,-0.7835798859596252,-0.19422228634357452,1.3624999523162842
399,3.3509232997894287,1.247337818145752,-0.28919148445129395,-0.8546484708786011,-0.8431189656257629,-1.3057303428649902,-0.8387690782546997,-0.7795211672782898,-0.19454853236675262,1.3624999523162842
400,3.3628499507904053,1.2299026250839233,-0.288630872964859,-0.8486820459365845,-0.837669849395752,-1.3106263875961304,-0.8338906168937683,-0.7750295400619507,-0.19496339559555054,1.3624999523162842
